Search Keyword,Title,Abstract/Summary/Description,Organism,Sample Size,Cohort,GEO ID,ENA/SRA ID,Library Strategy,Library Source,Database,,Tissue ,source_name,tissue,cell_line,cell_type,,Schizophrenia,Bipolar disorder,Anxiety,Depression,Major Depressive Disorder,Bipolar Depression,Bipolar Mania,Comments,RNA-seq,Treatment,Notes (Treatment)
Schizophrenia,mRNA Sequencing of STG in schizophrenia,mRNA Sequencing of STG in schizophrenia,Homo sapiens,18,key:value_key:value,,ERP001304,RNA-Seq,TRANSCRIPTOMIC,ENA,,Yes,,,,,,Yes,No,No,No,No,No,No,,RNA-seq,No,
Schizophrenia,clozapine and schizophrenia patient-derived neurons,"The cellular pathology of schizophrenia and the potential of antipsychotics to target the underlying neuronal dysfunctions are still largely unknown. We employed glutamatergic neurons derived from induced pluripotent stem cells obtained from schizophrenia patients with a known history of response to clozapine and healthy controls to decipher the mechanisms of action of clozapine, spanning from molecular (transcriptome profiling) and cellular levels (electrophysiology) to observed clinical effects in living patients.",Homo sapiens,11,,,ERP134591,RNA-Seq,TRANSCRIPTOMIC,SRA,,Yes,,,,,,Yes,No,No,No,No,No,No,,RNA-seq,Yes,clozapine
Major Depressive Disorder,Whole transcriptome analysis of postmortem human hippocampus dentate gyrus granlule cells,"(Submitter supplied) We investigated the transcriptome of dentate gyrus (DG) granule cells in postmortem hippocampus from 79 subjects with mental illness (schizophrenia, bipolar disorder, major depression) or non-psychiatric controls.",Homo sapiens,46,,GSE42546,SRP017329,RNA-Seq,TRANSCRIPTOMIC,GEO,,Yes,postmortem hippocampus DG granule cells,,,,,No,No,No,No,Yes,No,No,17 MDD/D + 29 control,RNA-seq,No,
Depression,Whole transcriptome analysis of postmortem human hippocampus dentate gyrus granlule cells,"(Submitter supplied) We investigated the transcriptome of dentate gyrus (DG) granule cells in postmortem hippocampus from 79 subjects with mental illness (schizophrenia, bipolar disorder, major depression) or non-psychiatric controls.",Homo sapiens,46,,GSE42546,SRP017329,RNA-Seq,TRANSCRIPTOMIC,GEO,,Yes,postmortem hippocampus DG granule cells,,,,,No,No,No,Yes,No,No,No,17 MDD/D + 29 control,RNA-seq,No,
Schizophrenia,Whole transcriptome analysis of postmortem human hippocampus dentate gyrus granlule cells,"(Submitter supplied) We investigated the transcriptome of dentate gyrus (DG) granule cells in postmortem hippocampus from 79 subjects with mental illness (schizophrenia, bipolar disorder, major depression) or non-psychiatric controls.",Homo sapiens,45,,GSE42546,SRP017329,RNA-Seq,TRANSCRIPTOMIC,GEO,,Yes,postmortem hippocampus DG granule cells,,,,,Yes,No,No,No,No,No,No,16 S +29 control,RNA-seq,No,
Bipolar Disorder,Whole transcriptome analysis of postmortem human hippocampus dentate gyrus granlule cells,"(Submitter supplied) We investigated the transcriptome of dentate gyrus (DG) granule cells in postmortem hippocampus from 79 subjects with mental illness (schizophrenia, bipolar disorder, major depression) or non-psychiatric controls.",Homo sapiens,45,,GSE42546,SRP017329,RNA-Seq,TRANSCRIPTOMIC,GEO,,Yes,postmortem hippocampus DG granule cells,,,,,No,Yes,No,No,No,No,No,16 BD +29 control,RNA-seq,No,
Schizophrenia,RNA-seq in neurons derived from iPSCs in controls and patients with schizophrenia and 22q11 del,"(Submitter supplied) Individuals with 22q11.2 Deletion Syndrome (22q11.2 DS) are a specific high-risk group for developing schizophrenia (SZ), schizoaffective disorder (SAD) and autism spectrum disorders (ASD). Several genes in the deleted region have been implicated in the development of SZ, e.g., PRODH and DGCR8. However, the mechanistic connection between these genes and the neuropsychiatric phenotype remains unclear. more...",Homo sapiens,19,,GSE46562,SRP022028,RNA-Seq,TRANSCRIPTOMIC,GEO,,Yes,control neurons|neuron cell line|schizohrenia neurons,14 day neurons|iPSC-derived neuron,,,,Yes,No,No,No,No,No,No,,RNA-seq,No,
Bipolar Disorder,"RNA-sequencing of the brain transcriptome implicates dysregulation of neuroplasticity, circadian rhythms, and GTPase binding in bipolar disorder","(Submitter supplied) See ""Akula et al., Molecular Psychiatry in Press"". RNA-sequencing (RNA-seq) is a powerful technique to investigate the complexity of gene expression in the human brain. We used RNA-seq to survey the brain transcriptome in high-quality post-mortem dorsolateral prefrontal cortex from 11 individuals diagnosed with bipolar disorder (BD) and from 11 age- and gender-matched controls. Deep sequencing was performed, with over 350 million reads per specimen. more...",Homo sapiens,22,,GSE53239,SRP033725,RNA-Seq,TRANSCRIPTOMIC,GEO,,Yes,postmortem brain,dorsolateral prefrontal cortex,,,,No,Yes,No,No,No,No,No,,RNA-seq,No,
Bipolar Disorder,"Homo sapiens, brain disease Epigenomics",The DNA methylome and transcriptome of different brain regions in schizophrenia and bipolar disorder,Homo sapiens,36,,,SRP035524,RNA-Seq,TRANSCRIPTOMIC,SRA,,Yes,,,,,,Yes,Yes,No,No,No,No,No,,RNA-seq,No,
Bipolar Disorder,Hyper-excitability of Neurons generated from Patients with Bipolar Disorder,"(Submitter supplied) Bipolar Disorder (BD) is a complex neuropsychiatric disorder that is characterized by intermittent episodes of mania and depression and, without treatment, 15% of patients commit suicide1. Hence, among all diseases, BD has been ranked by the WHO as a top disorder of morbidity and lost productivity2. Previous neuropathological studies have revealed a series of alterations in the brains of BD patients or animal models3, such as reduced glial cell number in the patient prefrontal cortex4, up-regulated activities of the PKA/PKC pathways5-7, and changes in dopamine/5-HT/glutamate neurotransmission systems8-11. more...",Homo sapiens,18,,GSE58933,SRP043684,RNA-Seq,TRANSCRIPTOMIC,GEO,,Yes,iPSC-derived hippocampal dentate gyrus granule neurons|iPSC-derived neurons,,,Hippocampal dentate gyrus (DG) granule neurons|iPSC-derived neurons,,No,Yes,No,No,No,No,No,Hyper-excitability of Neurons generated from Patients with Bipolar Disorder,RNA-seq,Yes,Lithium 
Schizophrenia,Next Generation Sequencing Facilitates Comparisons of Control and Schizophrenia-Patient derived hiPSC-derived neurons,"(Submitter supplied) Cell-based models of many neurological and psychiatric diseases, established by reprogramming patient somatic cells into human induced pluripotent stem cells (hiPSCs), have now been reported. While numerous reports have demonstrated that neuronal cells differentiated from hiPSCs are electrophysiologically active mature neurons, the “age” of these cells relative to cells in the human brain remains unresolved. more...",Homo sapiens,11,,GSE63734,SRP050376,RNA-Seq,TRANSCRIPTOMIC,GEO,,Yes,hiPSC forebrain Neurons,,,,,Yes,No,No,No,No,No,No,,RNA-seq,No,
Schizophrenia,Next Generation Sequencing Facilitates Comparisons of Control and Schizophrenia-Patient derived hiPSC-derived NPCs,"(Submitter supplied) Cell-based models of many neurological and psychiatric diseases, established by reprogramming patient somatic cells into human induced pluripotent stem cells (hiPSCs), have now been reported. While numerous reports have demonstrated that neuronal cells differentiated from hiPSCs are electrophysiologically active mature neurons, the “age” of these cells relative to cells in the human brain remains unresolved. more...",Homo sapiens,12,,GSE63738,SRP050377,RNA-Seq,TRANSCRIPTOMIC,GEO,,Yes,hiPSC forebrain NPCs,,,,,Yes,No,No,No,No,No,No,,RNA-seq,No,
Schizophrenia,Reduced CYFIP1 in human neural progenitors as 15q11.2 deletion model: donor specific dysregulation of schizophrenia/epilepsy genes,"(Submitter supplied) Deletions at 15q11.2 have been established to increase risk for multiple neurodevelopmental disorders (NDDs) including schizophrenia and epilepsy, yet show variable expressivity between individuals. To investigate the potential role of CYFIP1, a gene within the locus, we carried out knockdown experiments in human neural progenitor cells derived from 15q11.2 neutral induced pluripotent stem cells. Transcriptional profiling and cellular assays support a prominent role for CYFIP1 in cytoskeletal remodeling across all lines examined. more...",Homo sapiens,18,,GSE70935,SRP061192,RNA-Seq,TRANSCRIPTOMIC,GEO,,Yes,Neural progenitor cells derived from induced pluripotent stem cells,,553.C2|690.C5|iPS5.C4,NPCs derived from iPSCs,,Yes,No,No,No,No,No,No,,RNA-seq,No,
Schizophrenia,Transcriptome profiling of human neural progenitor cells and neurons with DISC1 interruption,"(Submitter supplied) Purpose: Genetic and clinical association studies have identified disrupted-in-schizophrenia 1 (DISC1) as a candidate risk gene for major mental illness. DISC1 is interrupted by a balanced chr(1;11) translocation in a Scottish family, in which the translocation predisposes to psychiatric disorders. We investigate the consequences of DISC1 interruption in human neural cells using TALENs or CRISPR-Cas9 to target the DISC1 locus. more...",Homo sapiens,42,,GSE71289,SRP061682,RNA-Seq,TRANSCRIPTOMIC,GEO,,Yes,Neural progenitor cells|Neurons,,,Human iPSC-derived neural progenitor cells|Human iPSC-derived neurons,,Yes,No,No,No,No,No,No,,RNA-seq,No,
Bipolar Disorder,Systematically characterizing dysfunctional long intergenic non-coding RNAs in multiple brain regions of major psychosis,"(Submitter supplied) Schizophrenia (SZ) and bipolar disorder (BD) are severe neuropsychiatric disorders with serious impact on patients, together termed “major psychosis”. Recently, long intergenic non-coding RNAs (lincRNAs) were reported to play important roles in mental diseases. However, little was known about their molecular mechanism in pathogenesis of SZ and BD. Here, we performed RNA sequencing on 82 post-mortem brain tissues from three brain regions (orbitofrontal cortex (BA11), anterior cingulate cortex (BA24) and dorsolateral prefrontal cortex (BA9)) of patients with SZ and BD and control subjects, generating over one billion reads. more...",Homo sapiens,54,,GSE78936,SRP071203,RNA-Seq,TRANSCRIPTOMIC,GEO,,Yes,Brain,brain,,,,No,Yes,No,No,No,No,No,,RNA-seq,No,
Schizophrenia,Systematically characterizing dysfunctional long intergenic non-coding RNAs in multiple brain regions of major psychosis,"(Submitter supplied) Schizophrenia (SZ) and bipolar disorder (BD) are severe neuropsychiatric disorders with serious impact on patients, together termed “major psychosis”. Recently, long intergenic non-coding RNAs (lincRNAs) were reported to play important roles in mental diseases. However, little was known about their molecular mechanism in pathogenesis of SZ and BD. Here, we performed RNA sequencing on 82 post-mortem brain tissues from three brain regions (orbitofrontal cortex (BA11), anterior cingulate cortex (BA24) and dorsolateral prefrontal cortex (BA9)) of patients with SZ and BD and control subjects, generating over one billion reads. more...",Homo sapiens,52,,GSE78936,SRP071203,RNA-Seq,TRANSCRIPTOMIC,GEO,,Yes,Brain,brain,,,,Yes,No,No,No,No,No,No,,RNA-seq,No,
Schizophrenia,Next Generation Sequencing Compares Effects of microRNA-9 perturbation in control and SZ hiPSC NPCs,"(Submitter supplied) To follow-up findings that miR-9 was abundantly expressed in control NPCs, significantly down-regulated in a subset of SZ NPCs, and that miR-9 levels/activity, neural migration and diagnosis were strongly correlated, we tested the effect of manipulating miR-9 at cellular, proteomic and transcriptomic levels. Unexpectedly, proteomic- and RNAseq-based analysis revealed that these effects were mediated primarily by small changes in expression of indirect miR-9 targets, rather than large changes in direct miR-9 targets; these indirect targets are enriched for migration-associated genes. more...",Homo sapiens,16,,GSE80170,SRP073163,RNA-Seq,TRANSCRIPTOMIC,GEO,,Yes,SZ_hiPSC forebrain NPCs|control_hiPSC forebrain NPCs,,,forebrain neural progenitor cells (NPCs),,Yes,No,No,No,No,No,No,,RNA-seq,No,
Bipolar Disorder,Transcriptome profiling of the human dorsal striatum in bipolar disorder,"(Submitter supplied) Bipolar disorder (BD) is a highly heritable and heterogeneous mental illness whose manifestations often include impulsive and risk-taking behavior. This particular phenotype suggests that abnormal striatal function could be involved in BD etiology, yet most transcriptomic studies of this disorder have concentrated on cortical brain regions. We report the first transcriptome profiling by RNA-Seq of the human dorsal striatum comparing bipolar and control subjects. more...",Homo sapiens,36,,GSE80336,SRP073382,RNA-Seq,TRANSCRIPTOMIC,GEO,,Yes,"dorsal striatum, bipolar|dorsal striatum, control",,,,,No,Yes,No,No,No,No,No,,RNA-seq,No,
Schizophrenia,RNA-sequencing of human post-mortem brain tissues,(Submitter supplied) RNA-seq profiling was conducted on clinically-annotated human post-mortem brain tissues,Homo sapiens,71,,GSE80655,SRP073813,RNA-Seq,TRANSCRIPTOMIC,GEO,,Yes,AnCg_Bipolar Disorder|AnCg_Control|AnCg_Major Depression|AnCg_Schizophrenia|DLPFC_Bipolar Disorder|DLPFC_Control|DLPFC_Major Depression|DLPFC_Schizophrenia|nAcc_Bipolar Disorder|nAcc_Control|nAcc_Major Depression|nAcc_Schizophrenia,brain,,,,Yes,No,No,No,No,No,No,"Publication: We performed RNA sequencing on tissue from the anterior cingulate cortex, dorsolateral prefrontal cortex, and nucleus accumbens from three groups of 24 patients each diagnosed with schizophrenia, bipolar disorder, or major depressive disorder, and from 24 control subjects
MDD (n=69),  BD (n=71), S (n= 71), control (n=70)",RNA-seq,No,
Bipolar Disorder,RNA-sequencing of human post-mortem brain tissues,(Submitter supplied) RNA-seq profiling was conducted on clinically-annotated human post-mortem brain tissues,Homo sapiens,71,,GSE80655,SRP073813,RNA-Seq,TRANSCRIPTOMIC,GEO,,Yes,AnCg_Bipolar Disorder|AnCg_Control|AnCg_Major Depression|AnCg_Schizophrenia|DLPFC_Bipolar Disorder|DLPFC_Control|DLPFC_Major Depression|DLPFC_Schizophrenia|nAcc_Bipolar Disorder|nAcc_Control|nAcc_Major Depression|nAcc_Schizophrenia,brain,,,,No,No,No,No,No,Yes,No,"Publication: We performed RNA sequencing on tissue from the anterior cingulate cortex, dorsolateral prefrontal cortex, and nucleus accumbens from three groups of 24 patients each diagnosed with schizophrenia, bipolar disorder, or major depressive disorder, and from 24 control subjects
MDD (n=69),  BD (n=71), S (n= 71), control (n=70)",RNA-seq,No,
Major Depressive Disorder,RNA-sequencing of human post-mortem brain tissues,(Submitter supplied) RNA-seq profiling was conducted on clinically-annotated human post-mortem brain tissues,Homo sapiens,69,,GSE80655,SRP073813,RNA-Seq,TRANSCRIPTOMIC,GEO,,Yes,AnCg_Bipolar Disorder|AnCg_Control|AnCg_Major Depression|AnCg_Schizophrenia|DLPFC_Bipolar Disorder|DLPFC_Control|DLPFC_Major Depression|DLPFC_Schizophrenia|nAcc_Bipolar Disorder|nAcc_Control|nAcc_Major Depression|nAcc_Schizophrenia,brain,,,,No,No,No,No,Yes,No,No,"Publication: We performed RNA sequencing on tissue from the anterior cingulate cortex, dorsolateral prefrontal cortex, and nucleus accumbens from three groups of 24 patients each diagnosed with schizophrenia, bipolar disorder, or major depressive disorder, and from 24 control subjects
MDD (n=69),  BD (n=71), S (n= 71), control (n=70)",RNA-seq,No,
Bipolar Disorder,Total RNAseq of human putamen and caudate nucleus tissues in healthy control and Bipolar Disorder individuals,"(Submitter supplied) A multitude of genes have been associated with bipolar disorder via SNP genotyping studies. However, many of these associated SNPs are found within intronic or intergenic regions of the human genome. We were interested in studying transcriptional profiles/splice variation of genes associated with bipolar disorder within the human striatum. Understanding how these associated genes are transcribed in the human brain may help to guide the development of therapeutic agents for the treatment of bipolar disorder and other neuropsychiatric illnesses.",Homo sapiens,16,,GSE81396,SRP074904,RNA-Seq,TRANSCRIPTOMIC,GEO,,Yes,BD_c_nucleus|BD_putamen|HC_c_nucleus|HC_putamen,Brain,,,,No,Yes,No,No,No,No,No,,RNA-seq,No,
Schizophrenia,Human iPSC glial mouse chimeras reveal glial contributions to schizophrenia,"(Submitter supplied) Genetic studies have suggested a role for glial pathology in the genesis of schizophrenia (SCZ). To assess the nature of SCZ-associated human glial dysfunction in vivo, we established human glial chimeric mice using glial progenitor cells (GPCs) produced from induced pluripotential cells (hiPSCs), derived from patients with juvenile-onset schizophrenia or healthy controls. To this end, hiPSC GPCs were implanted neonatally into either immunodeficient myelin wild-type mice, in which donor GPCs remained as progenitors or became astrocytes, or into myelin-deficient shiverer mice, in which the GPCs also gave rise to oligodendrocytes. more...",Homo sapiens,36,,GSE86906,SRP089857,RNA-Seq,TRANSCRIPTOMIC,GEO,,Yes,Glial Progenitor Cell,Brain,,GPC,,Yes,No,No,No,No,No,No,,RNA-seq,No,
Schizophrenia,Schizophrenia: postmortem dorsal lateral prefrontal cortex (DLPFC),(Submitter supplied) RNA-Seq analysis of post-mortem tissue from DLPFC of 19 schizophrenia patients and 19 controls.,Homo sapiens,38,,GSE87194,SRP090259,RNA-Seq,TRANSCRIPTOMIC,GEO,,Yes,DLPFC,Post-mortem brain (DLPFC) tissue,,,,Yes,No,No,No,No,No,No,,RNA-seq,No,
Schizophrenia,RNA sequencing of Amygdala in schizophrenia,RNA sequencing of Amygdala in schizophrenia,Homo sapiens,46,,,SRP102186,RNA-Seq,TRANSCRIPTOMIC,ENA,,Yes,,amygdala 1|amygdala 10|amygdala 11|amygdala 12|amygdala 13|amygdala 14|amygdala 15|amygdala 16|amygdala 17|amygdala 18|amygdala 19|amygdala 2|amygdala 20|amygdala 21|amygdala 22|amygdala 23|amygdala 24|amygdala 25|amygdala 26|amygdala 27|amygdala 28|amygdala 29|amygdala 3|amygdala 30|amygdala 31|amygdala 32|amygdala 33|amygdala 34|amygdala 35|amygdala 36|amygdala 37|amygdala 38|amygdala 39|amygdala 4|amygdala 40|amygdala 41|amygdala 42|amygdala 43|amygdala 44|amygdala 45|amygdala 46|amygdala 5|amygdala 6|amygdala 7|amygdala 8|amygdala 9,,,,Yes,No,No,No,No,No,No,,RNA-seq,No,
Major Depressive Disorder,Whole-transcriptome brain expression and exon-usage profiling in major depression and suicide,"Brain gene expression profiling studies of suicide and depression using oligonucleotide microarrays have often failed to distinguish these two phenotypes. Moreover, next generation sequencing approaches are more accurate in quantifying gene expression and can detect alternative splicing. Using RNA-seq, we examined whole-exome gene and exon expression in non-psychiatric controls (CON, N=29), DSM-IV major depressive disorder suicides (MDD-S, N=21) and MDD non-suicides (MDD, N=9) in the dorsal lateral prefrontal cortex (Brodmann Area 9) of sudden death medication-free individuals post mortem. Using small RNA-seq, we also examined miRNA expression (nine samples per group). DeSeq2 identified 35 genes differentially expressed between groups and surviving adjustment for false discovery rate (adjusted P<0.1). In depression, altered genes include humanin-like-8 (MTRNRL8), interleukin-8 (IL8), and serpin peptidase inhibitor, clade H (SERPINH1) and chemokine ligand 4 (CCL4), while exploratory gene ontology (GO) analyses revealed lower expression of immune-related pathways such as chemokine receptor activity, chemotaxis and cytokine biosynthesis, and angiogenesis and vascular development in (adjusted P<0.1). Hypothesis-driven GO analysis suggests lower expression of genes involved in oligodendrocyte differentiation, regulation of glutamatergic neurotransmission, and oxytocin receptor expression in both suicide and depression, and provisional evidence for altered DNA-dependent ATPase expression in suicide only. DEXSEq analysis identified differential exon usage in ATPase, class II, type 9B (adjusted P<0.1) in depression. Differences in miRNA expression or structural gene variants were not detected. Results lend further support for models in which deficits in microglial, endothelial (blood-brain barrier), ATPase activity and astrocytic cell functions contribute to MDD and suicide, and identify putative pathways and mechanisms for further study in these disorder Overall design: We examined whole-exome gene and exon expression in non-psychiatric controls (CON, N=29), DSM-IV major depressive disorder suicides (MDD-S, N=21) and MDD non-suicides (MDD, N=9) in the dorsal lateral prefrontal cortex (Brodmann Area 9) of sudden death medication-free individuals post mortem. Using small RNA-seq, we also examined miRNA expression (nine samples per group).",Homo sapiens,48,,GSE101521,SRP112551,RNA-Seq,TRANSCRIPTOMIC,SRA,,Yes,dorsal lateral prefrontal cortex (Brodmann Area 9),dorsal lateral prefrontal cortex (Brodmann Area 9),,,,No,No,No,No,Yes,No,No,,RNA-seq,No,
Depression,Sex-specific Transcriptional Signatures in Human Depression,"Rational: Major depressive disorder (MDD) is a leading cause of disease burden worldwide. While the incidence, symptoms and treatment of MDD all point toward major sex differences, the molecular mechanisms underlying this sexual dimorphism remain largely unknown. Methods: Here, combining differential expression and gene coexpression network analyses, we provide a comprehensive characterization of male and female transcriptional profiles associated with MDD across 6 brain regions. We overlap our human profiles with those from a mouse model of chronic variable stress and capitalize on converging pathways to define molecular and physiological mechanisms underlying the expression of stress susceptibility in males and females. Results: Our results show a major rearrangement of transcriptional patterns in MDD, with limited overlap between males and females, an effect seen in depressed humans and in stressed mice. We identify key regulators of sex-specific gene networks underlying MDD and confirm their sex-specific impact as mediators of stress susceptibility. For example, downregulation of the female-specific hub gene DUSP6 in prefrontal cortex mimics stress susceptibility in females only by increasing ERK signaling and pyramidal neuron excitability. Such DUSP6 downregulation also recapitulates the transcriptional remodeling that occurs in PFC of depressed females. Conclusions: Together, our findings reveal dramatic sexual dimorphism at the transcriptional level in MDD and highlight the importance of studying sex-specific treatments for this disorder. Overall design: RNA sequencing data from (1) 6 human postmortem brain regions in males and females with and without major depression and (2) 2 epuivalent brain regions in males and female mice with and without 21 days of chronic varibale stress (CVS). Note: The raw data for Samples GSM2740709-GSM2740726, GSM2740805, and GSM2740808 were updated in January 2018. The processed data have not changed.",Homo sapiens,341,,GSE102556,SRP115956,RNA-Seq,TRANSCRIPTOMIC,SRA,,Yes,Nucleus Accumbens (Nac)|postmortem brain|prefrontal cortex (PFC),Anterior Insula (aINS)|Cingulate gyrus 25 (Cg25)|Dorsolateral prefrontal cortex (dlPFC; BA8/9)|Nucleus Accumbens (Nac)|Orbitofrontal (OFC; BA11)|Subiculum (Sub)|prefrontal cortex (PFC),,,,No,No,No,No,Yes,No,No,,RNA-seq,Yes,medication  entries: NA/yes /No- specific info not given
Schizophrenia,Transcriptome analysis reveals determinant stages controlling human embryonic stem cell commitment to neuronal cells,"(Submitter supplied) Proper neural commitment is essential for ensuring the appropriate development of the human brain and for preventing neurodevelopmental diseases such as autism spectrum disorders, schizophrenia, and intellectual disorders. However, the molecular mechanisms underlying the neural commitment in humans remain elusive. Here, we report the establishment of a neural differentiation system based on human embryonic stem cells (hESCs) and on comprehensive RNA-Seq analysis of transcriptome dynamics during early hESC differentiation. more...",Homo sapiens,12,,GSE103715,SRP117268,RNA-Seq,TRANSCRIPTOMIC,GEO,,Yes,human embryonic stem cells|neuronal cells,,,ES-derived neuronal cells|human embryonic stem cells,,Yes,No,No,No,No,No,No,,RNA-seq,No,
Schizophrenia,Transcriptional signatures of schizophrenia in hiPSC-derived NPCs and neurons are concordant with signatures from post mortem adult brains,"(Submitter supplied) Whereas highly penetrant variants have proven well-suited to human induced pluripotent stem cell (hiPSC)-based models, the power of hiPSC-based studies to resolve the much smaller effects of common variants within the size of cohorts that can be realistically assembled remains uncertain. In developing a large case/control schizophrenia (SZ) hiPSC-derived cohort of neural progenitor cells and neurons, we identified and accounted for a variety of technical and biological sources of variation. more...",Homo sapiens,94,,GSE106589,SRP124299,RNA-Seq,TRANSCRIPTOMIC,GEO,,Yes,HiPSC-derived cell line,,,6 wk FB neuron|NPC,,Yes,No,No,No,No,No,No,,RNA-seq,No,
Schizophrenia,Contribution of differential cell-specific methylation to schizophrenia [RNA-seq],"(Submitter supplied) To address the heterogeneity of gene regulation and expression in cell types of a brain region with strong evidence for relevance to schizophrenia, we carried out whole genome methylation and expression analyses using post-mortem brain tissue from BA46 that underwent fluorescence-activated nuclei sorting (FANS). Importantly, we used whole genome bisulfite sequencing (WGBS) for methylation quantification to have an unbiased assessment of epigenetic modifications associated with schizophrenia, and additionally carried out whole genome sequencing (WGS) of the brain samples to account for genetic background differences. more...",Homo sapiens,96,,GSE107638,SRP126056,RNA-Seq,TRANSCRIPTOMIC,GEO,,Yes,Frozen Brain Tissue|frozen brain tissue_Control_NeuN|frozen brain tissue_Control_Olig2|frozen brain tissue_Schizo_NeuN|frozen brain tissue_Schizo_Olig2,,,Cyto|NeuN|OLIG2,,Yes,No,No,No,No,No,No,,RNA-seq,No,
Schizophrenia,Efficient generation of human CA3 neurons and modeling hippocampal neuronal connectivity in vitro (bulk),"(Submitter supplied) Despite widespread interest in using human stem cells in neurological disease modeling, a suitable model system to study human neuronal connectivity is lacking. Here, we report a protocol for efficient differentiation of hippocampal pyramidal neurons and an in vitro model for hippocampal neuronal connectivity. We developed an embryonic stem cell (ESC)- and induced pluripotent stem cell (iPSC)-based protocol to differentiate human CA3 pyramidal neurons from patterned hippocampal neural progenitor cells (NPCs). more...",Homo sapiens,21,,GSE111977,SRP135926,RNA-Seq,TRANSCRIPTOMIC,GEO,,Yes,hCA3 1wk 1|hCA3 1wk 2|hCA3 1wk 3|hCA3 2wk 1|hCA3 2wk 2|hCA3 3wk 2|hCA3 3wk 3|hCA3 4wk 1|hCA3 4wk 2|hCA3 4wk 3|hCA3 5wk 1|hCA3 5wk 2|hCA3 6wk 1|hCA3 6wk 3|hCa3 3wk 1|hpNPC 1|hpNPC 2|hpNPC 3|panNPC 1|panNPC 2|panNPC 3,,,,,Yes,No,No,No,No,No,No,,RNA-seq,No,
Bipolar Disorder,DNA methylation in neurons from post-mortem brains in schizophrenia and bipolar disorder (RNA-Seq),"(Submitter supplied) We fine-mapped DNA methylation in neuronal nuclei (NeuN+) isolated by flow cytometry from post-mortem frontal cortex of the brain of individuals diagnosed with schizophrenia, bipolar disorder, and controls (n=29, 26, and 28 individuals).",Homo sapiens,27,,GSE112523,SRP136794,RNA-Seq,TRANSCRIPTOMIC,GEO,,Yes,frontal cortex of the human brain,,,,,No,Yes,No,No,No,No,No,,RNA-seq,No,
Schizophrenia,DNA methylation in neurons from post-mortem brains in schizophrenia and bipolar disorder (RNA-Seq),"(Submitter supplied) We fine-mapped DNA methylation in neuronal nuclei (NeuN+) isolated by flow cytometry from post-mortem frontal cortex of the brain of individuals diagnosed with schizophrenia, bipolar disorder, and controls (n=29, 26, and 28 individuals).",Homo sapiens,24,,GSE112523,SRP136794,RNA-Seq,TRANSCRIPTOMIC,GEO,,Yes,frontal cortex of the human brain,,,,,Yes,No,No,No,No,No,No,,RNA-seq,No,
Schizophrenia,Genome-wide transcriptional analysis of human iPSC-derived healty control vs. schizophrenia cortical interneurons.,(Submitter supplied) We report down-regulation of protocadeherins in schizophrenia interneurons by genome-wide transcriptome analysis.,Homo sapiens,24,,GSE118313,SRP156776,RNA-Seq,TRANSCRIPTOMIC,GEO,,Yes,interneurons,iPSC-derived interneurons,,,,Yes,No,No,No,No,No,No,,RNA-seq,No,
Schizophrenia,Expression-based drug screening of neural progenitor cells from individuals with schizophrenia [RNA-seq],"(Submitter supplied) Integration of in silico and in vitro approaches to design and conduct transcriptomic drug screening in patient-derived neural cells, in order to survey novel pathologies and points of intervention in schizophrenia.",Homo sapiens,44,,GSE119290,SRP159190,RNA-Seq,TRANSCRIPTOMIC,GEO,,Yes,Control_hiPSC NPCs_DMSO|Control_hiPSC NPCs_LOX|Control_hiPSC NPCs_MPB|SZ_hiPSC NPCs_DMSO|SZ_hiPSC NPCs_LOX|SZ_hiPSC NPCs_MPB,,,hiPSC Neural Progenitor Cells,,Yes,No,No,No,No,No,No,,RNA-seq,Yes,"loxapine, methylparaben, DMSO"
Schizophrenia,Impaired oxysterol-liver X receptor signaling underlies aberrant cortical neurogenesis in a stem cell model of neurodevelopmental disorder,"(Submitter supplied) The mechanisms by which genomic risks contribute to the onset of neuropsychiatric conditions remain a key challenge and a prerequisite for successful development of effective therapies. 15q11.2 copy number variation (CNV) containing the CYFIP1 gene is associated with autism and schizophrenia. Using stem cell models, we show that 15q11.2 deletion (15q11.2del) and CYFIP1 loss of function (CYFIP1-LoF) lead to premature neuronal differentiation, while CYFIP1 gain of function (CYFIP1-GoF) favors neural progenitor maintenance. more...",Homo sapiens,71,,GSE119316,SRP159245,RNA-Seq,TRANSCRIPTOMIC,GEO,,Yes,neural progenitor cells|neuroepithelium|neurons,,CYFIP1ko|CYFIP1tg|EA008.21|EA008.4|EA062.13|EA062.19|H7|ctrl 202|ctrl 900|iCas9,,,Yes,No,No,No,No,No,No,,RNA-seq,No,
Schizophrenia,Genome-wide transcriptional analysis of human iPSC-derived healthy control vs. schizophrenia cortical interneurons,(Submitter supplied) We report specific changes in schizophrenia developmental interneurons by genome-wide transcriptome analysis.,Homo sapiens,56,,GSE121376,SRP165962,RNA-Seq,TRANSCRIPTOMIC,GEO,,Yes,iPSC-derived interneurons,cortical interneurons,,,,Yes,No,No,No,No,No,No,,RNA-seq,No,
Schizophrenia,Pilot transcriptome analysis of human iPSC-derived healthy control vs. schizophrenia cortical interneurons,(Submitter supplied) We report specific changes in schizophrenia developmental interneurons by genome-wide transcriptome analysis.,Homo sapiens,18,,GSE125805,SRP182776,RNA-Seq,TRANSCRIPTOMIC,GEO,,Yes,interneurons,,,iPSC-derived interneurons,,Yes,No,No,No,No,No,No,Schizophrenia (n=9); control (n=9),RNA-seq,No,
Schizophrenia,Genome-wide transcriptional analysis of human iPSC-derived healthy control vs. schizophrenia cortical interneurons.,(Submitter supplied) We report specific changes in schizophrenia developmental interneurons by genome-wide transcriptome analysis.,Homo sapiens,60,,GSE125999,SRP183146,RNA-Seq,TRANSCRIPTOMIC,GEO,,Yes,interneurons,,,iPSC-derived interneurons,,Yes,No,No,No,No,No,No,,RNA-seq,No,
Schizophrenia,Gene Expression in Postmortem DLPFC and Hippocampus from Schizophrenia and Mood Disorders,"Whole-genome expression analysis across major mental disorders allows examining disease-specific changes and potential common molecular pathogenic mechanisms. We assessed transcription alterations in schizophrenia (SZ), bipolar disorder (BP) and major depression (MDD) as compared to controls (C) in two relevant regions, hippocampus and dorsolateral prefrontal cortex (DLPFC), and in control tissue, dura, for a large cohort of individuals (total number 470 subjects for hippocampus, 691 for DLPFC and 150 for dura). We found a pattern of downregulation of gene expression in SZ, differences in expression between SZ and BP, and between the regions. 37 genes were differentially expressed in SZ vs C in both DLPFC and Hippocampus. Using qPCR, we validated ALDH1a1, which was downregulated in both regions in SZ. There were no differentially expressed genes in dura.",Homo sapiens,726,,,SRP188237,RNA-Seq,TRANSCRIPTOMIC,SRA,,Yes,,,,,,Yes,No,No,No,Yes,No,No,,RNA-seq,No,
Schizophrenia,Deconvolution of Transcriptional Networks Identifies TCF4 as a Master Regulator in Schizophrenia,(Submitter supplied) We report the data generated upon knockdown of TCF4 in hiPSC-derived neural progenitor cells and glutamatergic neurons.,Homo sapiens,23,,GSE128333,SRP188467,RNA-Seq,TRANSCRIPTOMIC,GEO,,Yes,Day 14 control sample from a schizophrenia individual|Day 14 control sample from cell line CD07|Day 14 control sample from cell line CD09|Day 14 knockdown sample from a schizophrenia individual|Day 14 knockdown sample from cell line CD07|Day 14 knockdown sample from cell line CD09|Day 3 control sample from a schizophrenia individual|Day 3 knockdown sample from a schizophrenia individual,,CD07|CD09,IPSC-derived glutamatergic neurons|IPSC-derived neural progenitor cells,,Yes,No,No,No,No,No,No,,RNA-seq,No,
Schizophrenia,Transcriptomic analysis of ATP6V1A knock-down and amyloid beta-treated neurons,"(Submitter supplied) ATP6V1A plays a unique role in synapse function in neurons and we found decreased neuronal activity in ATP6V1A-deficient neurons. To characterize the molecular pathways regulated by ATP6V1A under both normal and stressed conditions, we generated hiPSC-derived NGN2-neurons with reduced ATP6V1A expression by CRISPRi knock-down (KD) and performed RNA-seq analysis on the wild-type and KD neurons which were subject to amyloid-beta or vehicle treatment. more...",Homo sapiens,20,,GSE128367,SRP188549,RNA-Seq,TRANSCRIPTOMIC,GEO,,Yes,National Institute of Mental Health (NIMH) childhood-onset schizophrenia (COS) cohort,,,hiPSC-derived NGN2-neurons,,Yes,No,No,No,No,No,No,,RNA-seq,Yes,amyloid-beta
Schizophrenia,Genome-wide transcriptome analysis of human iPSC-derived healty control and schizophrenia cortical interneurons under inflammation conditions.,"(Submitter supplied) We report changes in gene expression in cortical interneurons under inflammation conditions by genome-wide transcriptome analysis, compared to the previous dataset generated without inflammation conditions (GSE118313).",Homo sapiens,24,,GSE132689,SRP201367,RNA-Seq,TRANSCRIPTOMIC,GEO,,Yes,interneurons,iPSC-derived interneurons,,,,Yes,No,No,No,No,No,No,,RNA-seq,No,
Schizophrenia,RNA sequencing for human induced pluripotent derived cerebral organoids,(Submitter supplied) Total RNA sequecing for human induced pluripotent derived cerebral organoids from healthy controls and schizophrenia (SCZ) patients,Homo sapiens,21,,GSE133534,SRP212636,RNA-Seq,TRANSCRIPTOMIC,GEO,,Yes,cerebral organoids,,,Human iPSC derived cerebral organoids,,Yes,No,No,No,No,No,No,,RNA-seq,No,
Schizophrenia,Genome-wide molecular effects of the neuropsychiatric 16p11 CNVs in an iPSC-iN neuronal model,"(Submitter supplied) Copy number variants (CNVs), either deletions or duplications, at the 16p11.2 locus in the human genome are known to increase the risk for autism spectrum disorders (ASD), schizophrenia, and for several other developmental conditions. Here, we investigate the global effects on gene expression and DNA methylation using a 16p11.2 CNV patient-derived induced pluripotent stem cell (iPSC) to induced neuron (iN) cell model system. more...",Homo sapiens,27,,GSE133615,SRP212694,RNA-Seq,TRANSCRIPTOMIC,GEO,,Yes,induced neuron|induced pluripotent stem cell,,,induced neuron,,Yes,No,No,No,No,No,No,,RNA-seq,No,
Bipolar Disorder,Total RNA sequecing for human induced pluripotent derived cerebral organoids,(Submitter supplied) Total RNA sequecing for human induced pluripotent derived cerebral organoids from healthy controls and Bipolar disorder,Homo sapiens,22,,GSE134497,SRP215268,RNA-Seq,TRANSCRIPTOMIC,GEO,,Yes,cerebral organoids,,,Human iPSC derived cerebral organoids,,No,Yes,No,No,No,No,No,,RNA-seq,No,
Schizophrenia,Hippocampal Subfield Transcriptome Analysis in Schizophrenia Psychosis,"(Submitter supplied) We have previously demonstrated functional and molecular changes in hippocampal subfields in individuals with schizophrenia (SZ) psychosis associated with hippocampal excitability. In this study, we use RNA-seq and assess global transcriptome changes in the hippocampal subfields, DG, CA3, and CA1 from individuals with SZ psychosis and controls to elucidate subfield-relevant molecular changes. We also examine changes in gene expression due to antipsychotic medication in the hippocampal subfields from our SZ ON- and OFF-antipsychotic medication cohort. more...",Homo sapiens,78,,GSE138082,SRP223448,RNA-Seq,TRANSCRIPTOMIC,GEO,,Yes,hippocampus,hippocampus,,,,Yes,No,No,No,No,No,No,,RNA-seq,No,
Depression,Sex-specific role for the long non-coding RNA linc00473 in depression,"Depression is a common disorder that affects women at twice the rate of men. Here we report that long non-coding RNAs (lncRNAs), a recently discovered class of regulatory transcripts, represent about one-third of the differentially expressed genes in the brains of depressed humans, and display complex region- and sex-specific patterns of regulation. We identified the primate-specific, neuronal-enriched gene, linc00473, as downregulated in prefrontal cortex of depressed females but not males. Using viral-mediated gene transfer to express linc00473 in mouse prefrontal cortex neurons, we mirrored the human sex-specific phenotype by inducing stress resilience solely in female mice. This sex-specific phenotype was accompanied by changes in synaptic function and gene expression selectively in female mice and, along with studies of human neuron-like cells in culture, implicates linc00473 as a CREB effector. Together, our studies identify linc00473 as a female-specific driver of stress resilience that is aberrant in female depression. Overall design: RNA profiled in mPFC of female mice expressing linc00473 or GFP only in mPFC, either at baseline or after CVS (chronic variable stress). RNA-seq of NPCs derived from male or female healthy human subjects after knockdown of linc00473; Chromatin isolation by RNA purification (ChIRP) followed by DNA-sequencing (DNA-seq) to identify direct partners for linc00473 in human cells;",Homo sapiens,11,,GSE138677,SRP225011,RNA-Seq,TRANSCRIPTOMIC,SRA,,Yes,Brain|Cells,Brain,SHSY5Y|cl_2607|cl_3121|cl_3182|cl_3188|cl_553|cl_690,NPCs|prefrontal cortex neurons,only 11 are human RNA seq related samples,No,No,No,Yes,No,No,No,,RNA-seq,No,
Schizophrenia,Genetic regulation of expression in the granule cell layer of the human dentate gyrus,Genetic regulation of expression in the granule cell layer of the human dentate gyrus,Homo sapiens,263,,,SRP241159,RNA-Seq,TRANSCRIPTOMIC,ENA,,Yes,,Human Hippocampus,,,,Yes,No,No,No,No,No,No,,RNA-seq,No,
Schizophrenia,Transcription factor POU3F2 regulates TRIM8 expression contributing to cellular functions implicated in schizophrenia,"(Submitter supplied) Schizophrenia (SCZ) is a neuropsychiatric disorder with aberrant expression of multiple genes. However, identifying its exact causal genes remains a considerable challenge. The brain-specific transcription factor POU3F2 (POU domain, class 3, transcription factor 2) has been recognized as a risk factor for SCZ, but our understanding of its target genes and pathogenic mechanisms are still limited. Here we report that 42 SCZ-related genes are regulated by POU3F2 in knockdown and RNA sequencing experiments of human neural progenitor cells (NPCs). more...",Homo sapiens,12,,GSE143692,SRP242009,RNA-Seq,TRANSCRIPTOMIC,GEO,,Yes,Neural progenitor cells,,,iPSCs-derived Neural progenitor cells,,Yes,No,No,No,No,No,No,,RNA-seq,No,
Schizophrenia,Chromatin profiling in human neurons reveals aberrant roles for histone acetylation and BRD4 in schizophrenia,"Schizophrenia (SZ) is a psychiatric disorder with complex genetic risk dictated by interactions between hundreds of risk variants. Epigenetic factors, such as histone posttranslational modifications (PTMs), have been shown to play critical roles in many neurodevelopmental processes, and when perturbed may also contribute to the precipitation of disease. Here, we applied an unbiased proteomics approach to evaluate combinatorial histone PTMs in human induced pluripotent stem cell (hiPSC)-derived forebrain neurons from individuals with SZ. We observed hyper-acetylation of H2A.Z and H4 in neurons derived from SZ cases, results that were confirmed in postmortem human brain. We demonstrated that the bromodomain containing protein, BRD4, is a bona fide 'reader' of H2A.Z acetylation, and further provide evidence that BRD4 inhibition ameliorates transcriptional abnormalities in patient-derived neurons and improves sensorimotor gating behavior in mice. Thus, treatments aimed at alleviating BRD4 interactions with hyperacetylated histones may aid in the prevention or treatment of SZ. Overall design: Human induced pluripotent stem cell (hiPSC)-derived forebrain neurons from control individuals or individuals with schizophrenia were treated with vehicle (PBS) or JQ1, and RNA-seq was performed. H2A.Zac ChIP-seq in HeLa cells (n=3, plus 3 respective inputs)",Homo sapiens,14,,GSE144639,SRP246389,RNA-Seq,TRANSCRIPTOMIC,SRA,,Yes,HeLa|hiPSC forebrain neurons,,HeLa,hiPSC forebrain neurons,,Yes,No,No,No,No,No,No,,RNA-seq,Yes,"JQ1, vehicle"
Schizophrenia,Investigation of de novo mutations in a schizophrenia case-parent trio by induced pluripotent stem cell based in vitro disease-modelling: Convergence of schizophrenia and autism-related cellular phenotypes,"(Submitter supplied) Background De novo mutations (DNMs) have been implicated in the etiology of schizophrenia (SZ), a chronic debilitating psychiatric disorder characterized by hallucinations, delusions, cognitive dysfunction, and decreased community functioning. Several DNMs have been identified by examining SZ cases and their unaffected parents; however, in most cases, the biological significance of these mutations remains elusive. more...",Homo sapiens,18,,GSE145656,SRP250204,RNA-Seq,TRANSCRIPTOMIC,GEO,,Yes,Neuronal progenitor cell,,SZ-HU-FA|SZ-HU-MO|SZ-HU-MO-2|SZ-HU-PROB|SZ-HU-PROB-2,IPSC-derived neural progenitor cells,,Yes,No,No,No,No,No,No,,RNA-seq,No,
Schizophrenia,Genome-wide transcriptome analysis of human iPSC-derived cortical interneurons under inflammation conditions,(Submitter supplied) We report changes in gene expression in cortical interneurons under inflammation conditions by genome-wide transcriptome analysis.,Homo sapiens,32,,GSE152438,SRP267250,RNA-Seq,TRANSCRIPTOMIC,GEO,,Yes,interneurons,,,iPSC-derived interneurons,,Yes,No,No,No,No,No,No,,RNA-seq,Yes,IL17
Schizophrenia,Genome-wide transcriptome analysis of human iPSC-derived migratory cortical interneurons.,(Submitter supplied) We report changes of gene expression in migratory cortical interneurons derived from healthy control vs schizophrenia iPSCs by genome-wide transcriptome analysis.,Homo sapiens,16,,GSE155067,SRP273437,RNA-Seq,TRANSCRIPTOMIC,GEO,,Yes,healthy_migrated interneurons|healthy_not-migrated interneurons|schizophrenia_migrated interneurons|schizophrenia_not-migrated interneurons,,,iPSC-derived interneurons,,Yes,No,No,No,No,No,No,,RNA-seq,No,
Bipolar Disorder,Increased IL-6 and altered inflammatory response in bipolar disorder patient-derived astrocytes,(Submitter supplied) The goals of this study are to examine responses to inflammation in astrocytes from induced pluripotent stem cells derived from healthy controls and bipolar disorder patients. We examine the transcriptomic inflmmatory signature of generated astrocytes following Il1Beta exposure in BD vs. control Results: BD-patient astrocytes show a unique inflammatory response with differentially regulated genes.,Homo sapiens,33,,GSE157509,SRP280128,RNA-Seq,TRANSCRIPTOMIC,GEO,,Yes,ipsc-derived astrocytes,fibroblast derived induced pluripotent stem cells,,,,No,Yes,No,No,No,No,No,,RNA-seq,No,
Bipolar Disorder,Deficient LEF1 expression is associated with lithium resistance and hyperexcitability in neurons derived from bipolar disorder patients,(Submitter supplied) Bipolar disorder (BD) is a psychiatric condition characterized by depressive and manic episodes that affect 2% of the world population. The first-line long-term treatment for mood stabilization is lithium (Li). Induced pluripotent stem cell modeling of BD using hippocampal dentate gyrus-like neurons derived from Li responsive (LR) and Li non-responsive (NR) patients previously showed neuronal hyperexcitability. more...,Homo sapiens,150,,GSE159487,SRP287292,RNA-Seq,TRANSCRIPTOMIC,GEO,,Yes,neuronal progenitor cells|neurons,,149-51|149-59|149-60|149-61|149-62|JNJ001|JNJ002|JNJ004|JNJ005|JNJ007|JNJ008|JNJ009|JNJ010|JNJ011|JNJ012|RDK9691|RS14474|SM11692|TC11822|WC14934,,,No,Yes,No,No,No,No,No,,RNA-seq,Yes,Lithium
Bipolar Disorder,RNA sequencing in human iPSCs derived from bipolar patients to identify important therapeutic molecular targets of Valproate(VPA),"(Submitter supplied) Valproate(VPA) has been used in the treatment of bipolar disorder since the 1990s. However, the therapeutic targetsof VPA have remained elusive. Here we used RNA sequencing in human iPSCs derived from bipolar patients to further identify important molecular targets. Human iPSCs were homogenized and total RNA was isolated using the RNeasy Plus Micro Kit (Qiagen, Hilden, Germany). RNA quantity and quality were assessed using fluorometry (Qubit RNA Broad Range Assay Kit and Fluorometer; Invitrogen, Carlsbad, CA) and chromatography (Bioanalyzer and RNA 6000 Nano Kit; Agilent, Santa Clara, CA), respectively. more...",Homo sapiens,24,,GSE160761,SRP291012,RNA-Seq,TRANSCRIPTOMIC,GEO,,Yes,14501C1|14501C3|24339C3,,,clone differentiated into neurons,,No,Yes,No,No,No,No,No,,RNA-seq,Yes,Valproate
Schizophrenia,Total RNA sequencing for human induced pluripotent derived cortical neurons,(Submitter supplied) Total RNA sequencing for human induced pluripotent derived neurons organoids from healthy controls and schizophrenia (SCZ) patients,Homo sapiens,17,,GSE164376,SRP300746,RNA-Seq,TRANSCRIPTOMIC,GEO,,Yes,2D cortical neurons_SCZ|2D cortical neurons_control,,,Human iPSC derieved cortical neurons,,Yes,No,No,No,No,No,No,,RNA-seq,No,
Schizophrenia,Concordance of inflammatory markers in lymphocytes and prefrontal cortex in schizophrenia,"Schizophrenia is a severe neuropsychiatric disorder associated with a wide array of transcriptomic and neurobiochemical changes. Genome-wide transcriptomic profiling conducted in postmortem brain have provided novel insights into the pathophysiology of this disorder, and identified biological processes including immune/inflammatory-related responses, metabolic, endocrine and synaptic function. However, few studies have investigated whether similar changes could be found in peripheral tissue. Here, we used RNA-sequencing to characterize transcriptomic profiles of lymphocytes in 18 non-psychotic controls and 19 individuals with schizophrenia. We identified 2,819 differentially expressed transcripts (pnominal < 0.05) in the schizophrenia group when compared to controls. Bioinformatic analyses conducted on a subset of 293 genes (pnominal < 0.01 and |log2FC| > 0.5) highlighted immune/inflammatory response as key biological processes in our dataset. Differentially expressed genes in lymphocytes were highly enriched for gene expression profiles from cortex layer 5a & immune cells. Thus, we investigated whether the changes in transcripts levels we observed in lymphocytes could also be detected in the prefrontal cortex (PFC, BA10) in a second validation cohort of schizophrenia subjects. Remarkably, mRNA levels detected in the PFC and lymphocytes were in strong agreement, and measurements obtained using RNA-sequencing were positively correlated with data obtained by RT-qPCR analysis. Collectively, our work supports a role for immune dysfunction in the pathogenesis of schizophrenia and suggest that peripheral markers can be used as accessible surrogates to investigate putative central nervous system disruptions. Overall design: Investigation of gene expression profiles in lymphocytes from 18 non-psychotic controls and 19 individuals with schizophrenia.",Homo sapiens,37,,GSE165604,SRP303646,RNA-Seq,TRANSCRIPTOMIC,SRA,,Yes,Lymphocytes,,,,,Yes,No,No,No,No,No,No,,RNA-seq,Yes,"quetiapine, olanzapine, olanzapine, fluphenazine, haloperidol, clozapine, abilify, fluphenazine, aripiprazole, lurasidone, pimozide"
Major Depressive Disorder,Chronic cortisol differentially impacts Major Depression-patient stem cell derived astrocytes in vitro,"(Submitter supplied) Major Depression (MDD) is a prevalent psychiatric disorder and exposure to stress is robust risk factor for MDD. Clinical data and rodent models have indicated the negative impact of chronic stress induced hormones like cortisol on brain volume, memory, and cell metabolism. However, the cellular and transcriptomic changes that occur in the brain after prolonged exposure to cortisol are less understood. more...",Homo sapiens,35,,GSE178071,SRP323876,RNA-Seq,TRANSCRIPTOMIC,GEO,,Yes,Ast_M1_Cont|Ast_M1_Cort|Ast_M1_EtOH|Ast_M2_Cont|Ast_M2_Cort|Ast_M2_EtOH|Ast_M3_Cont|Ast_M3_Cort|Ast_M3_EtOH|Ast_M4_Cont|Ast_M4_Cort|Ast_M4_EtOH|Ast_M5_Cont|Ast_M5_Cort|Ast_M5_EtOH|Ast_M6_Cont|Ast_M6_Cort|Ast_M6_EtOH|Ast_M7_Cont|Ast_M7_Cort|Ast_M7_EtOH|Ast_M8_Cont|Ast_M8_Cort|Ast_M8_EtOH|Ast_M9_Cont|Ast_M9_Cort|Ast_M9_EtOH|M1_Acute_Cortisol|M1_Acute_ETOH|M1_Chronic_Cortisol|M1_Chronic_ETOH|M2_Acute_Cortisol|M2_Acute_ETOH|M2_Chronic_Cortisol|M2_Chronic_ETOH,,,patient-derived astrocytes,,No,No,No,No,Yes,No,No,"This study is only about ""Major Depression-patient stem cell derived astrocytes in vitro""- not sure why it was picked up for anxiety.",RNA-seq,Yes,"Ethanol (n=13), Cortisol (n=13), Control (n=9)"
Schizophrenia,Mutation of a schizophrenia risk gene SETD1A alters neuronal network activity in human neurons through cAMP/PKA pathway,"(Submitter supplied) Using CRISPR/Cas9 to generate an hiPSC line with SETD1A haploinsufficiency and differentiating it into glutamatergic and GABAergic neurons, we found that SETD1A haploinsufficiency resulted in altered neuronal network activity, which was predominantly defined by increased network burst frequency, whereas unchanged global firing activity. In individual neurons, this network phenotype was reflected functionally by increased synchronized synaptic inputs and structurally by increased somatodendritic complexity in both glutamatergic and GABAergic neurons. more...",Homo sapiens,12,,GSE180648,SRP329466,RNA-Seq,TRANSCRIPTOMIC,GEO,,Yes,iPSC neurons,,,Excitatory and inhibitory hiPSC neurons|Excitatory hiPSC neurons,,Yes,No,No,No,No,No,No,,RNA-seq,No,
Schizophrenia,Mutation of a schizophrenia risk gene SETD1A alters neuronal network activity in human neurons through cAMP/PKA pathway,"Using CRISPR/Cas9 to generate an hiPSC line with SETD1A haploinsufficiency and differentiating it into glutamatergic and GABAergic neurons, we found that SETD1A haploinsufficiency resulted in altered neuronal network activity, which was predominantly defined by increased network burst frequency, whereas unchanged global firing activity. In individual neurons, this network phenotype was reflected functionally by increased synchronized synaptic inputs and structurally by increased somatodendritic complexity in both glutamatergic and GABAergic neurons. The transcriptome profile in SETD1A haploinsufficient neurons demonstrated perturbations in gene sets associated with schizophrenia, synaptic transmission, and glutamatergic synaptic function. In addition, transcriptomic data suggested cAMP/PKA pathway might be disturbed in SETD1A haploinsufficient networks, which was further verified by pharmacological experiments. Overall design: Functional and transcriptional analysis of 3 wildtype neuronal hiPSC lines and 3 lines with induced SETD1A haploinsufficiency.",Homo sapiens,12,,GSE180648,SRP329466,RNA-Seq,TRANSCRIPTOMIC,SRA,,Yes,iPSC neurons,,,Excitatory and inhibitory hiPSC neurons|Excitatory hiPSC neurons,,Yes,No,No,No,No,No,No,,RNA-seq,No,
Schizophrenia,Convergent genomic and pharmacological evidence of PI3K/GSK3 signaling alterations in neurons from schizophrenia patients,"(Submitter supplied) From Stertz et al 2021 ""Human-induced pluripotent stem cells (hiPSCs) allow for the establishment of brain cellular models of psychiatric disorders that account for a patient’s genetic background. Here, we conducted an RNA-sequencing profiling study of hiPSC-derived cell lines from schizophrenia (SCZ) subjects, most of which are from a multiplex family, from the population isolate of the Central Valley of Costa Rica. more...",Homo sapiens,32,,GSE182875,SRP334277,RNA-Seq,TRANSCRIPTOMIC,GEO,,Yes,"Cortical Neuron derived from hiPSC of subject 352|Cortical Neuron derived from hiPSC of subject 353|Cortical Neuron derived from hiPSC of subject 357|Cortical Neuron derived from hiPSC of subject 412|Cortical Neuron derived from hiPSC of subject 413|Cortical Neuron derived from hiPSC of subject 416|Cortical Neuron derived from hiPSC of subject 417|Cortical Neuron derived from hiPSC of subject 418|Cortical Neuron derived from hiPSC of subject 419|Cortical Neuron derived from hiPSC of subject 486|Cortical Neuron derived from hiPSC of subject 624|Limphoblastoid Cell Line of Pooled Healthy Controls: 353, 419, 357|Limphoblastoid Cell Line of Pooled Healthy Controls: 417, 354, 412|Limphoblastoid Cell Line of Pooled Schizophrenia Patients: 416, 486, 624, 352, 413|Limphoblastoid Cell Line of Pooled Schizophrenia Patients: 418, 414|Neural Progenitor Cell from subject 352|Neural Progenitor Cell from subject 353|Neural Progenitor Cell from subject 354|Neural Progenitor Cell from subject 357|Neural Progenitor Cell from subject 412|Neural Progenitor Cell from subject 413|Neural Progenitor Cell from subject 414|Neural Progenitor Cell from subject 416|Neural Progenitor Cell from subject 417|Neural Progenitor Cell from subject 418|Neural Progenitor Cell from subject 419|Neural Progenitor Cell from subject 486|Neural Progenitor Cell from subject 624|hiPSC Cell Line of Pooled Healthy Controls: 353, 419, 357|hiPSC Cell Line of Pooled Healthy Controls: 417, 354, 412|hiPSC Lines of Pooled Schizophrenia Patients: 416, 486, 624, 352, 413|hiPSC Lines of Pooled Schizophrenia Patients: 418, 414",,,Cortical Neuron|Limphoblastoid Cells|Neural Progenitor Cell|hiPSC,,Yes,No,No,No,No,No,No,,RNA-seq,No,
Bipolar Disorder,Lithium treatment and human hippocampal neurogenesis,"(Submitter supplied) Lithium is a first-line treatment for bipolar disorder, where it acts as a mood-stabilizing agent. Although its precise mechanism remains unclear, neuroimaging studies have shown that lithium accumulates in the hippocampus and that chronic use amongst bipolar disorder patients is associated with larger hippocampal volumes. Here, we tested the chronic effects of low (0.75 mM) and high (2.25 mM) doses of lithium on human hippocampal progenitor cells and used immunocytochemistry to investigate the effects of lithium on cell parameters implicated in neurogenesis. more...",Homo sapiens,11,,GSE184930,SRP339136,RNA-Seq,TRANSCRIPTOMIC,GEO,,Yes,,,,,,No,Yes,No,No,No,No,No,,RNA-seq,Yes,"Lithium (high- 2.25 mM [n=4], low- 0.75 mM [n=3]), control [n=4]"
Schizophrenia,Chromatin accessibility mapping at schizophrenia GWAS risk loci reveals compound genetic effects impairing neurodevelopment and synaptic function in human neurons,"Here, in NEUROG2-induced human neurons, we identified 31 credible risk SNPs in 26 schizophrenia (SZ) risk loci that displayed allele-specific open chromatin (ASoC) and were likely to be functional. For the VPS45 locus showing the strongest ASoC, CRISPR/Cas9 editing of ASoC SNP (rs2027349) altered the local expression of VPS45 and AC244033.2 (a lncRNA), and a distal gene, C1orf54. Notably, the global expression changes in neurons correlated with post-mortem brain expression signatures of neuropsychiatric disorders. Neurons carrying risk allele exhibited increased dendritic complexity, synaptic puncta density and hyperactivity, which were partially reversed by knocking-down each cis-regulated gene (VPS45, AC244033.2, or C1orf54), suggesting phenotypic contribution from all three genes.",Homo sapiens,21,,,SRP344891,RNA-Seq,TRANSCRIPTOMIC,SRA,,Yes,,"iPS-differentiated, in vitro cultured NGN2-induced Glutamatergic neuron",,,,Yes,No,No,No,No,No,No,,RNA-seq,No,
Schizophrenia,Shared patterns of glial transcriptional dysregulation link Huntington's disease and schizophrenia,"(Submitter supplied) Huntington’s disease (HD) and juvenile-onset schizophrenia (SCZ) have long been regarded as distinct disorders. However, both manifest cell-intrinsic abnormalities in glial differentiation, with resultant astrocytic dysfunction and hypomyelination. To assess whether a common mechanism might underlie the similar glial pathology of these otherwise disparate conditions, we utilized comparative correlation network approaches to analyze RNA-seq data from human glial progenitor cells (hGPCs) produced from disease-derived pluripotent stem cells. more...",Homo sapiens,137,,GSE188558,SRP345441,RNA-Seq,TRANSCRIPTOMIC,GEO,,Yes,Astrocyte induced from ESC|Astrocyte induced from iPSC|GPC induced from ESC|GPC induced from iPSC,,,,,Yes,No,No,No,No,No,No,,RNA-seq,No,
Schizophrenia,Attenuated transcriptional response to pro-inflammatory cytokines in schizophrenia hiPSC-derived neural progenitor cells,Attenuated transcriptional response to pro-inflammatory cytokines in schizophrenia hiPSC-derived neural progenitor cells,Homo sapiens,18,,,SRP350706,RNA-Seq,TRANSCRIPTOMIC,ENA,,Yes,,Induced cortical neural progenitor cells,,,,Yes,No,No,No,No,No,No,,RNA-seq,Yes,"interferon-gamma, interleukin-1 beta, or vehicle"
Schizophrenia,Gene expression analysis of transplanted hiPSC-astrocyte progenitors generated from monozygotic twin pair discordant for schizophrenia into mouse brain,Gene expression analysis of transplanted hiPSC-astrocyte progenitors generated from monozygotic twin pair discordant for schizophrenia into mouse brain,Homo sapiens,21,,GSE191249,SRP351616,RNA-Seq,TRANSCRIPTOMIC,ENA,,Yes,"Mouse cortex, no transplantation|human iPSC-astrocyte progenitor transplanted RAG1 mouse cortical sample",cortex,,human iPSC-astrocyte progenitor transplanted RAG1 mouse cortical sample,,Yes,No,No,No,No,No,No,,RNA-seq,No,
Schizophrenia,Gene expression analysis of astrocytes differentiated from iPS cells generated from monozygotic twins discordant for schizophrenia,"(Submitter supplied) Previous studies have implicated several brain cell types in schizophrenia, but the genetic impact of astrocytes is unknown. Considering their high complexity in humans, astrocytes are likely key determinants of neurodevelopmental diseases. Human induced pluripotent stem cell (hiPSC) -derived astrocytes differentiated from five monozygotic twin pairs discordant for schizophrenia and five healthy subjects were studied for alterations related to high genetic risk and clinical manifestation of SCZ in astrocyte transcriptomics.",Homo sapiens,16,,GSE191248,SRP351617,RNA-Seq,TRANSCRIPTOMIC,GEO,,Yes,hiPSC-derived brain astrocytes,,,hiPSC-derived brain astrocytes,,Yes,No,No,No,No,No,No,,RNA-seq,No,
Major Depressive Disorder,Cell-Specific Transcriptomic Analysis of CRH+ cells Identifies Unique Cellular Responses to Chronic Stress,"(Submitter supplied) Rationale: A previous transcriptome meta-analysis revealed significantly lower levels of corticotropin-releasing hormone (CRH) mRNA in corticolimbic brain regions in major depressive disorder (MDD) subjects. Rodent studies show that cortical CRH is mostly expressed in GABAergic neurons; however, the characteristic features of CRH+ cells in human brain cortex and their association with MDD are largely unknown. more...",Homo sapiens,12,,GSE193417,SRP354339,RNA-Seq,TRANSCRIPTOMIC,GEO,,Yes,sgACC_MDD|sgACC_control,Subgenual anterior cingulate cortex (sgACC),,,,No,No,No,No,Yes,No,No,,RNA-seq,No,
Depression,Gene expressional changes in the dorsomedial prefrontal cortex of suicide victims,Gene expressional changes in the dorsomedial prefrontal cortex of suicide victims,Homo sapiens,16,,,SRP371074,RNA-Seq,TRANSCRIPTOMIC,ENA,,Yes,,Brain,,,,No,No,No,Yes,No,No,No,,RNA-seq,No,
Schizophrenia,Diurnal alterations in gene expression across striatal subregions in psychosis,"(Submitter supplied) Background: Psychosis is a defining feature of schizophrenia and highly prevalent in bipolar disorder. Notably, individuals suffering with these illnesses also have major disruptions in sleep and circadian rhythms, and disturbances to sleep and circadian rhythms can precipitate or exacerbate psychotic symptoms. Psychosis is associated with the striatum, though no study to date has directly measured molecular rhythms and determined how they are altered in the striatum of subjects with psychosis. more...",Homo sapiens,192,,GSE202537,SRP374415,RNA-Seq,TRANSCRIPTOMIC,GEO,,Yes,Caudate|Nac|Putamen,Caudate|Nac|Putamen,,,,Yes,No,No,No,No,No,No,total n=215; 192- schizophrenia plus control,RNA-seq,,
Bipolar Disorder,Diurnal alterations in gene expression across striatal subregions in psychosis,"(Submitter supplied) Background: Psychosis is a defining feature of schizophrenia and highly prevalent in bipolar disorder. Notably, individuals suffering with these illnesses also have major disruptions in sleep and circadian rhythms, and disturbances to sleep and circadian rhythms can precipitate or exacerbate psychotic symptoms. Psychosis is associated with the striatum, though no study to date has directly measured molecular rhythms and determined how they are altered in the striatum of subjects with psychosis. more...",Homo sapiens,131,,GSE202537,SRP374415,RNA-Seq,TRANSCRIPTOMIC,GEO,,Yes,Caudate|Nac|Putamen,Caudate|Nac|Putamen,,,,No,Yes,No,No,No,No,No,total n=215; 1310 Bipolar disorder,RNA-seq,,
Schizophrenia,Activity-Dependent Transcriptional Program in NGN2+ Neurons Enriched for Genetic Risk for Brain-Related Disorders,Activity-Dependent Transcriptional Program in NGN2+ Neurons Enriched for Genetic Risk for Brain-Related Disorders,Homo sapiens,35,,GSE203082,SRP375367,RNA-Seq,TRANSCRIPTOMIC,ENA,,Yes,hiPSC-derived neurons,hiPSC-derived neurons,,,,Yes,No,No,No,No,No,No,,RNA-seq,Yes,"potassium chloride, Phosphate-Buffered Saline"
Bipolar Disorder,Network-based integrative analysis of lithium response in bipolar disorder using transcriptomic and GWAS data,(Submitter supplied) Lithium is the gold standard treatment for bipolar disorder. The goal of this study was to identify gene expression networks associated with lithium response. RNAseq data was obtained from IPSC derived neurons from lithium responders and non-responders. Focal adhesion was the network most associated with response.,Homo sapiens,34,,GSE205422,SRP378256,RNA-Seq,TRANSCRIPTOMIC,GEO,,Yes,Fibroblast|Lymphoblast,Fibroblast|Lymphoblast,11692|11822|14474|14934|14959|14961|9691|JNJ001|JNJ002|JNJ004|JNJ005|JNJ007|JNJ008|JNJ009|JNJ010|JNJ011|JNJ012,IPSC derived Hippocampal neuron,,No,Yes,No,No,No,No,No,,RNA-seq,Yes,Lithium
Schizophrenia,Modeling 16p13.11 deletions in patient stem cell derived neurons,Modeling 16p13.11 deletions in patient stem cell derived neurons,Homo sapiens,15,,GSE208574,SRP387087,RNA-Seq,TRANSCRIPTOMIC,ENA,,Yes,iPSC,,iPSC,Neuron,,Yes,No,No,No,No,No,No,not directly related to schizophrenia- but indirect relevance,RNA-seq,No,
Schizophrenia,Regulation of synaptic connectivity in schizophrenia by mutual neuron-microglia interaction,"(Submitter supplied) The examination of post-mortem brain tissue suggests synaptic loss as a central pathological hallmark of schizophrenia spectrum (SCZ), which is potentially related to activated microglia and increased inflammation. Induced pluripotent stem cells serve as a source for neurons and microglia-like cells to address neuron-microglia interactions. Here, we present a co-culture model of neurons and microglia, both of human origin, to show increased susceptibility of neurons to microglia-like cells derived from SCZ patients. more...",Homo sapiens,18,,GSE213232,SRP396885,RNA-Seq,TRANSCRIPTOMIC,GEO,,Yes,NMIi001-A|NMIi002-B|NMIi004-A|NMIi005-A|NMIi006-A|NMIi010-A,NMIi001-A|NMIi002-B|NMIi004-A|NMIi005-A|NMIi006-A|NMIi010-A,differentiated microglia from induced pluripotent stem cells|naive induced pluripotent stem cells,,,Yes,No,No,No,No,No,No,,RNA-seq,No,
Major Depressive Disorder,Astrocytic ZBTB7A promotes orbitofrontal cortex dysfunction associated with Major Depressive Disorder [MDD],"(Submitter supplied) Overall risk for Major Depressive Disorder (MDD) is determined by complex interactions between genetic and environmental factors that influence epigenetic regulation of neuroplasticity and stress pathways1,2. These mechanisms are specific to the distinct regulatory context within regionally-defined brain cell-types3,4. Here, we employed genome-wide chromatin accessibility profiling of neuronal vs. non-neuronal cells in orbitofrontal cortex (OFC) to capture regulatory signatures of MDD. more...",Homo sapiens,39,,GSE214921,SRP401314,RNA-Seq,TRANSCRIPTOMIC,GEO,,Yes,Bulk OFC tissue,Bulk OFC tissue,,,,No,No,No,No,Yes,No,No,,RNA-seq,No,
Schizophrenia,Excitatory dysfunction drives network and calcium handling deficits in 16p11.2 duplication schizophrenia iPSC-derived neurons,"(Submitter supplied) Background ­- Schizophrenia (SCZ) is a debilitating psychiatric disorder with a large genetic contribution; however, its neurodevelopmental substrates remain largely unknown. Modeling pathogenic processes in SCZ using human iPSC-derived neurons (iNs) has emerged as a promising strategy. Copy number variations (CNV) confer high genetic risk for SCZ, with duplication of the 16p11.2 locus increasing risk 14.5 fold. more...",Homo sapiens,23,,GSE215183,SRP401847,RNA-Seq,TRANSCRIPTOMIC,GEO,,Yes,Healthy Individual 1|Healthy Individual 2|Healthy Individual 3|Isogenic 16p11.2 duplication Clone 1|Isogenic 16p11.2 duplication Clone 2|Isogenic Control Clone 1|Isogenic Control Clone 2|SCZ with 16p11.2 Duplication Patient 1|SCZ with 16p11.2 Duplication Patient 2|SCZ with 16p11.2 Duplication Patient 3,,02C12626 (phs000021.v2.p1)|04C27671 (phs000021.v2.p1)|05C44627 (phs000021.v2.p1)|05C51897 (phs000021.v2.p1)|06C52982 (phs000021.v2.p1)|06C58821 (phs000021.v2.p1)|GM08330 Clone 1 (PMID: 26829649)|GM08330 Clone 2 (PMID: 26829649)|GM08330-16p11.2 duplication Clone 1 (PMID: 26829649)|GM08330-16p11.2 duplication Clone 2 (PMID: 26829649),iPSC,,Yes,No,No,No,No,No,No,,RNA-seq,No,
Schizophrenia,Transcriptomic profiling and electrophysiological analysis from microtransplanted synaptic membranes,"(Submitter supplied) Alterations of synaptic function in individuals with schizophrenia have been found in transcriptomics, proteomics, and genome wide association studies. Impaired synaptic glutamatergic (excitatory) and GABAergic (inhibitory) neurotransmission in affected brain regions (e.g. dorsolateral prefrontal cortex; DLPFC) is thought to be involved in the core symptoms of schizophrenia. However, there are no quantitative measurements of synaptic function in the human DLPFC, therefore concrete and specific functional alterations of voltage gated ion channels of glutamate and GABA receptors are lacking. more...",Homo sapiens,30,,GSE224683,SRP421233,RNA-Seq,TRANSCRIPTOMIC,GEO,,Yes,DLPFC,DLPFC,,,,Yes,No,No,No,No,No,No,,RNA-seq,No,
Schizophrenia,Transcriptomic profiling and electrophysiological analysis from microtransplanted synaptic membranes,"Alterations of synaptic function in individuals with schizophrenia have been found in transcriptomics, proteomics, and genome wide association studies. Impaired synaptic glutamatergic (excitatory) and GABAergic (inhibitory) neurotransmission in affected brain regions (e.g. dorsolateral prefrontal cortex; DLPFC) is thought to be involved in the core symptoms of schizophrenia. However, there are no quantitative measurements of synaptic function in the human DLPFC, therefore concrete and specific functional alterations of voltage gated ion channels of glutamate and GABA receptors are lacking. We have begun to address this problem by directly measuring AMPA- and GABA receptor-mediated synaptic currents in postmortem brains from subjects with schizophrenia and contrasting to controls. We demonstrate in our preliminary work that the function of synaptic receptors is maintained in postmortem brains and is significantly decreased in schizophrenia compared to controls. Our overarching hypothesis is that reductions in both inhibitory and excitatory currents underlie synaptic deficits in schizophrenia. We will test rigor and reproducibility of this hypothesis in independent case-control cohorts. These deficits in synaptic currents can be statistically modeled with transcriptomic data which will be useful in downstream studies that pharmacologically challenge activation of these currents. Overall design: (1)Test the hypothesis that alterations of the excitatory to inhibitory balance are present in schizophrenia (SZ) brains using microtransplantation of synaptic membranes (MSM) in the DLPFC of schizophrenia cases (n = 15) and controls (n = 15). We measured ion currents of microtransplanted neurotransmitter receptors into frog oocytes using two electrode voltage clamp. (2) Test the hypothesis that integrative analysis of transcriptomic data predicts synaptic dysfunction in SZ at the electrophysiological level. The physiological and pharmacological profile of synaptic AMPA and GABA receptors are mostly determined by their subunit composition, posttranslational modifications, and associated proteins. We collected RNA-seq to characterize genes in the synapse that predict electrophysiological responses.",Homo sapiens,15,,GSE224683,SRP421233,RNA-Seq,TRANSCRIPTOMIC,SRA,,Yes,DLPFC,DLPFC,,,,Yes,No,No,No,No,No,No,,RNA-seq,No,
Schizophrenia,Genome-wide gene expression profiling post PCCB knockdown in human forebrain organoids,"(Submitter supplied) We established PCCB knockdown human induced pluripotent stem cell (hiPSC) line using CRISPR interference (CRISPRi). The established PCCB knockdown and control hiPSCs were then used to generate human forebrain organoids (hFOs). On day 60 of organoid culture, PCCB knockdown and control hFOs were randomly selected for RNA-sequencing (RNA-seq). We found that differentially expressed genes (DEGs) affected by PCCB knockdown were enriched with GABAergic synapse, synaptic vesicle cycle, neurotransmitter transport, forebrain development, axon development, synaptic organization, and calcium signaling pathways. more...",Homo sapiens,18,,GSE226233,SRP424801,RNA-Seq,TRANSCRIPTOMIC,GEO,,Yes,U2F organoid,human forebrain organoids (hFOs),PCCB-G1|PCCB-G1-NC|PCCB-G2|PCCB-G2-3|PCCB-G2-NC,hiPSCs,,Yes,No,No,No,No,No,No,,RNA-seq,No,
Bipolar Disorder,REST and Impaired Neural Stress Resistance in Bipolar Disorder,"(Submitter supplied) Neurodevelopmental changes and impaired stress resistance have been implicated in the pathogenesis of bipolar disorder (BD), but the underlying regulatory mechanisms are unresolved. Here we describe a cerebral organoid model of BD that exhibits altered early neural development, elevated neural network activity, and a major shift in the transcriptome. These phenotypic changes were reproduced in cerebral organoids generated from iPS cell lines derived in multiple different laboratories. more...",Homo sapiens,16,,GSE234795,SRP443249,RNA-Seq,TRANSCRIPTOMIC,GEO,,Yes,forebrain organoid,forebrain organoid,iPSC,,,No,Yes,No,No,No,No,No,,RNA-seq,No,
Major Depressive Disorder,Brain and Blood Transcriptome Profiles Delineate Common Genetic Pathways across Suicidal Ideation and Suicide II,"(Submitter supplied) Human genetic studies indicate that suicidal ideation and behavior are both heritable. Most studies have examined associations between aberrant gene expression and suicide behavior, but behavior risk is linked to severity of suicidal ideation. Through a gene network approach, this study investigates how gene co-expression patterns are associated with suicidal ideation and severity using RNA-seq data in peripheral blood from 46 live participants with elevated suicidal ideation and 46 with no ideation. more...",Homo sapiens,24,,GSE248260,SRP473136,RNA-Seq,TRANSCRIPTOMIC,GEO,,Yes,ventral white matter (BA 47),ventral white matter (BA 47),,,,No,No,No,No,Yes,No,No,,RNA-seq,No,
Schizophrenia,Postmortem Analysis of the Caudate Nucleus in Schizophrenia,Postmortem Analysis of the Caudate Nucleus in Schizophrenia,Homo sapiens,154,,,SRP482996,RNA-Seq,TRANSCRIPTOMIC,ENA,,Yes,,,,,,Yes,No,No,No,No,No,No,,RNA-seq,No,
Bipolar Disorder,Postmortem Analysis of the Caudate Nucleus in Schizophrenia,Postmortem Analysis of the Caudate Nucleus in Schizophrenia,Homo sapiens,44,,,SRP482996,RNA-Seq,TRANSCRIPTOMIC,ENA,,Yes,,,,,,No,Yes,No,No,No,No,No,,RNA-seq,No,
Schizophrenia,Schizophrenia risk gene ZNF804A controls ribosome localization and synaptogenesis in developing human neurons,"(Submitter supplied) ZNF804A was amongst the first genes robustly associated with schizophrenia based on findings from large-scale genomic studies. Previous research has implicated ZNF804A inthe regulation of gene expression and synaptic function, but the role this gene plays inneurodevelopment and in relation to schizophrenia pathogenesis remains unclear. To study the function of this gene during neurodevelopment, we generated isogenichuman induced pluripotent stem cells (hiPSCs) with reduced ZNF804A expression, differentiated them into developing cortical glutamatergic neurons and studied theirtranscriptomic, synaptic and protein signatures. more...",Homo sapiens,18,,GSE254523,SRP486687,RNA-Seq,TRANSCRIPTOMIC,GEO,,Yes,NGN2-OPTi-OX,,NGN2-OPTi-OX,hiPSCs,,Yes,No,No,No,No,No,No,,RNA-seq,No,
Schizophrenia,Schizophrenia risk gene ZNF804A controls ribosome localization and synaptogenesis in developing human neurons,Schizophrenia risk gene ZNF804A controls ribosome localization and synaptogenesis in developing human neurons,Homo sapiens,18,,GSE254523,SRP486687,RNA-Seq,TRANSCRIPTOMIC,ENA,,Yes,NGN2-OPTi-OX,,NGN2-OPTi-OX,hiPSCs,,Yes,No,No,No,No,No,No,,RNA-seq,No,
Schizophrenia,Scaled and efficient derivation of loss-of-function alleles in risk genes for neurodevelopmental and psychiatric disorders in human iPSCs,"(Submitter supplied) Translating genetic findings for neurodevelopmental and psychiatric disorders (NPD) into actionable disease biology would benefit from large-scale and unbiased functional studies of NPD genes. Leveraging the cytosine base editing (CBE) system, here we developed a pipeline for clonal loss-of-function (LoF) allele mutagenesis in human induced pluripotent stem cells (hiPSCs) by introducing premature stop-codons (iSTOP) that lead to mRNA nonsense-mediated-decay (NMD) or protein truncation. more...",Homo sapiens,69,,GSE262442,SRP497832,RNA-Seq,TRANSCRIPTOMIC,GEO,,Yes,iPS Cells,iPS Cells,CD14|CW20107|KOLF2.2J,iPSC,,Yes,No,No,No,No,No,No,,RNA-seq,No,
Schizophrenia,DPYSL2/CRMP2 isoform B knockout in human iPSC-derived glutamatergic neurons confirms its role in mTOR signaling and neurodevelopmental disorders,"(Submitter supplied) The DPYSL2/CRMP2 gene encodes a microtubule-stabilizing protein crucial for neurogenesis and is associated with numerous psychiatric and neurodegenerative disorders including schizophrenia, bipolar disorder, and Alzheimer's disease. DPYSL2 generates multiple RNA and protein isoforms, but few studies have differentiated between them. We previously reported an association of a functional variant in the DPYSL2-B isoform with schizophrenia (SCZ) and demonstrated in HEK293 cells that this variant reduced the length of cellular projections and created transcriptomic changes that captured schizophrenia etiology by disrupting mTOR signaling-mediated regulation. more...",Homo sapiens,12,,GSE268103,SRP509182,RNA-Seq,TRANSCRIPTOMIC,GEO,,Yes,hiPSC derived excitatory neurons,,,hiPSC derived excitatory neurons,,Yes,No,No,No,No,No,No,,RNA-seq,No,
Bipolar Disorder,Human-Induced Pluripotent Stem Cell (iPSC)-Derived GABAergic Neuron Differentiation in Bipolar Disorder,"(Submitter supplied) Bipolar disorder (BP) is a recurring psychiatric condition characterized by alternating episodes of low energy (depressions) followed by manias (high energy). Cortical network activity produced by GABAergic interneurons may be critical in maintaining the balance in excitatory/inhibitory activity in the brain during development. Initially, GABAergic signaling is excitatory; with maturation, these cells undergo a functional switch that converts GABAA channels from depolarizing (excitatory) to hyperpolarizing (inhibitory), which is controlled by the intracellular concentration of two chloride transporters. more...",Homo sapiens,21,,GSE272060,SRP519368,RNA-Seq,TRANSCRIPTOMIC,GEO,,Yes,iPSC,iPSC,,GABAergic interneurons,,No,Yes,No,No,No,No,No,"4 controls(C), 4 bipolar(BP), and 3 BP-Corrected samples",RNA-seq,No,
Major Depressive Disorder,m6A-seq in the human vanetromedial prefrontal cortex in major depressive disorder,m6A-seq in the human vanetromedial prefrontal cortex in major depressive disorder,Homo sapiens,78,,GSE275676,SRP528676,RNA-Seq,TRANSCRIPTOMIC,ENA,,Yes,Brain,Brain,,,,No,No,No,No,Yes,No,No,,RNA-seq,No,
Schizophrenia,Aberrant Neuronal Connectivity and Network Activity of Neurons Derived from Patients with Idiopathic Schizophrenia,"(Submitter supplied) Schizophrenia (SCZ) is a psychiatric disorder with a strong genetic determinant. A major hypothesis to explain disease aetiology comprises synaptic dysfunction associated with excitatory-inhibitory imbalance of synaptic transmission, ultimately contributing to impaired network oscillation and cognitive deficits associated with the disease. Here, we studied the morphological and functional properties of a highly defined co-culture of GABAergic and glutamatergic neurons derived from induced pluripotent stem cells (iPSC) from patients with idiopathic SCZ. more...",Homo sapiens,14,,GSE282524,SRP546799,RNA-Seq,TRANSCRIPTOMIC,GEO,,Yes,iNeurons,iNeurons,,AD2 Neurons|hNGN2 Neurons,,Yes,No,No,No,No,No,No,Idiopathic Schizophrenia,RNA-seq,No,
Major Depressive Disorder,Disturbed rhythm of pancreatic insulin secretion induces circadian-based bipolar swings of behaviors,"(Submitter supplied) Patients with neuropsychiatric disorders often show metabolic symptoms. However, the mechanisms underlying this co-occurrence remain unclear. Here, we show that iPSC-derived pancreatic islets from bipolar disorder (BD) patients had insulin secretion deficits caused by the up-regulated expression of RORβ, a susceptibility gene for BD. Using conditional CRISPRa technology, we activated the expression of RORβ in mouse pancreatic β-cells and observed that the RORβ-activated animals exhibited diurnal fluctuation of behaviors. more...",Homo sapiens,4,,GSE283118,SRP548420,RNA-Seq,TRANSCRIPTOMIC,GEO,,Yes,human iPSC,,human iPSC,ipsc-derived neurons|islet-like organoids,,No,No,No,No,Yes,No,No,"BD (n=4), MDD (n=4), Healthy (n=5)",RNA-seq,No,
Bipolar Disorder,Disturbed rhythm of pancreatic insulin secretion induces circadian-based bipolar swings of behaviors,"(Submitter supplied) Patients with neuropsychiatric disorders often show metabolic symptoms. However, the mechanisms underlying this co-occurrence remain unclear. Here, we show that iPSC-derived pancreatic islets from bipolar disorder (BD) patients had insulin secretion deficits caused by the up-regulated expression of RORβ, a susceptibility gene for BD. Using conditional CRISPRa technology, we activated the expression of RORβ in mouse pancreatic β-cells and observed that the RORβ-activated animals exhibited diurnal fluctuation of behaviors. more...",Homo sapiens,4,,GSE283118,SRP548420,RNA-Seq,TRANSCRIPTOMIC,GEO,,Yes,human iPSC,,human iPSC,ipsc-derived neurons|islet-like organoids,,No,Yes,No,No,No,No,No,,RNA-seq,No,